[{"fields": {"model": "permission", "name": "permission", "app_label": "auth"}, "model": "contenttypes.contenttype", "pk": 1}, {"fields": {"model": "group", "name": "group", "app_label": "auth"}, "model": "contenttypes.contenttype", "pk": 2}, {"fields": {"model": "user", "name": "user", "app_label": "auth"}, "model": "contenttypes.contenttype", "pk": 3}, {"fields": {"model": "contenttype", "name": "content type", "app_label": "contenttypes"}, "model": "contenttypes.contenttype", "pk": 4}, {"fields": {"model": "session", "name": "session", "app_label": "sessions"}, "model": "contenttypes.contenttype", "pk": 5}, {"fields": {"model": "site", "name": "site", "app_label": "sites"}, "model": "contenttypes.contenttype", "pk": 6}, {"fields": {"model": "logentry", "name": "log entry", "app_label": "admin"}, "model": "contenttypes.contenttype", "pk": 7}, {"fields": {"model": "flatpage", "name": "flat page", "app_label": "flatpages"}, "model": "contenttypes.contenttype", "pk": 8}, {"fields": {"model": "activationkey", "name": "Cl\u00e9 d'activation", "app_label": "profile"}, "model": "contenttypes.contenttype", "pk": 9}, {"fields": {"model": "profile", "name": "profile", "app_label": "profile"}, "model": "contenttypes.contenttype", "pk": 10}, {"fields": {"model": "activeuser", "name": "Utilisateur actif", "app_label": "profile"}, "model": "contenttypes.contenttype", "pk": 11}, {"fields": {"model": "slogan", "name": "slogan", "app_label": "slogan"}, "model": "contenttypes.contenttype", "pk": 12}, {"fields": {"model": "message", "name": "message", "app_label": "minichat"}, "model": "contenttypes.contenttype", "pk": 13}, {"fields": {"model": "blogpost", "name": "Billet", "app_label": "blog"}, "model": "contenttypes.contenttype", "pk": 14}, {"fields": {"model": "thread", "name": "Conversation", "app_label": "messaging"}, "model": "contenttypes.contenttype", "pk": 15}, {"fields": {"model": "message", "name": "Message", "app_label": "messaging"}, "model": "contenttypes.contenttype", "pk": 16}, {"fields": {"model": "messagebox", "name": "Bo\u00eete de r\u00e9ception", "app_label": "messaging"}, "model": "contenttypes.contenttype", "pk": 17}, {"fields": {"model": "thread", "name": "Discussion", "app_label": "board"}, "model": "contenttypes.contenttype", "pk": 18}, {"fields": {"model": "message", "name": "Message", "app_label": "board"}, "model": "contenttypes.contenttype", "pk": 19}, {"fields": {"model": "messagehistory", "name": "\u00c9dition de message", "app_label": "board"}, "model": "contenttypes.contenttype", "pk": 20}, {"fields": {"model": "flag", "name": "Suivi", "app_label": "board"}, "model": "contenttypes.contenttype", "pk": 21}, {"fields": {"model": "blogboardlink", "name": "blog board link", "app_label": "board"}, "model": "contenttypes.contenttype", "pk": 22}, {"fields": {"model": "notification", "name": "notification", "app_label": "notifications"}, "model": "contenttypes.contenttype", "pk": 23}, {"fields": {"expire_date": "2015-06-03T20:27:34.345", "session_data": "MTE1MTg4NzhjNGJjZWQ0OWI5NGY3OWZmN2RkMTBjZTY4MTRkNjRhMjp7Il9hdXRoX3VzZXJfaGFzaCI6IjgwNDMyYmYxN2IyMTUxYjE4ODBiMjc3MzU5OGYzN2RhMTAzYjlkNzciLCJfYXV0aF91c2VyX2JhY2tlbmQiOiJkamFuZ28uY29udHJpYi5hdXRoLmJhY2tlbmRzLk1vZGVsQmFja2VuZCIsIl9hdXRoX3VzZXJfaWQiOjF9"}, "model": "sessions.session", "pk": "9jejtmfck71b6uloarrlhisofbnupf3p"}, {"fields": {"expire_date": "2015-06-03T17:48:09.979", "session_data": "MTE1MTg4NzhjNGJjZWQ0OWI5NGY3OWZmN2RkMTBjZTY4MTRkNjRhMjp7Il9hdXRoX3VzZXJfaGFzaCI6IjgwNDMyYmYxN2IyMTUxYjE4ODBiMjc3MzU5OGYzN2RhMTAzYjlkNzciLCJfYXV0aF91c2VyX2JhY2tlbmQiOiJkamFuZ28uY29udHJpYi5hdXRoLmJhY2tlbmRzLk1vZGVsQmFja2VuZCIsIl9hdXRoX3VzZXJfaWQiOjF9"}, "model": "sessions.session", "pk": "kxr7twlwp13197md796rl2kbm1w871w5"}, {"fields": {"domain": "example.com", "name": "example.com"}, "model": "sites.site", "pk": 1}, {"fields": {"registration_required": false, "title": "Version de d\u00e9veloppement du Lexpage", "url": "/edito/", "template_name": "", "sites": [1], "content": "<p>Bienvenue sur la version de d\u00e9veloppement du Lexpage !</p>\r\n\r\n<p>La base de donn\u00e9es de test, gracieusement fournie par Tchou, contient un ensemble de donn\u00e9es visant \u00e0 rendre le site plus ou moins exploitables dans cet environnement. Les donn\u00e9es ont \u00e9t\u00e9 compl\u00e9t\u00e9es par quelques pages statiques et autres afin de ne pas provoquer des 404 et d'autres erreurs num\u00e9rot\u00e9es arbitrairement d\u00e8s que vous tentez de faire quelque chose.</p>\r\n\r\n<p>Le compte principal, superuser et tout et tout, c'est admin/admin. Un deuxi\u00e8me compte existe : user1/user1. L'inscription ne fonctionne pas localement (sauf si vous configurez un serveur mail ou un backend de remplacement et que vous mettez une cl\u00e9 pour recaptcha !). Utilisez donc l'administration de Django (accessible dans le dernier menu quand vous \u00eates admin) pour ajouter les comptes (n'oubliez pas d'ajouter un \"Profil\" correspondant !). </p>", "enable_comments": false}, "model": "flatpages.flatpage", "pk": 1}, {"fields": {"registration_required": false, "title": "Rien ici, en dev.", "url": "/about/", "template_name": "", "sites": [1], "content": "Rien ici, en dev.", "enable_comments": false}, "model": "flatpages.flatpage", "pk": 2}, {"fields": {"registration_required": false, "title": "Rien ici, en dev.", "url": "/bbcode/", "template_name": "", "sites": [1], "content": "Rien ici, en dev.", "enable_comments": false}, "model": "flatpages.flatpage", "pk": 3}, {"fields": {"registration_required": false, "title": "Rien ici, en dev.", "url": "/markdown/", "template_name": "", "sites": [1], "content": "Rien ici, en dev.", "enable_comments": false}, "model": "flatpages.flatpage", "pk": 4}, {"fields": {"date": "2015-03-11", "is_visible": true, "slogan": "   Lexpage : chaudement recommand\u00e9 par Lexpage.   ", "author": "user1"}, "model": "slogan.slogan", "pk": 1}, {"fields": {"date": "2015-03-11", "is_visible": true, "slogan": "   On se l\u00e8ve tous pour Lexpage, Lexpage   ", "author": "toto"}, "model": "slogan.slogan", "pk": 2}, {"fields": {"date": "2015-03-11", "is_visible": true, "slogan": "   Lexpage.NET, mieux que Windows.NET ...   ", "author": "toto"}, "model": "slogan.slogan", "pk": 3}, {"fields": {"date": "2015-03-11", "is_visible": true, "slogan": "   Lexpage, existe aussi en bleu !   ", "author": "toto"}, "model": "slogan.slogan", "pk": 4}, {"fields": {"last_message": 1, "title": "Test de conversation"}, "model": "messaging.thread", "pk": 1}, {"fields": {"last_message": 1, "date_created": "2015-03-11T16:20:56.814", "number": 1, "slug": "billet-hop", "title": "Billet - hop"}, "model": "board.thread", "pk": 1}, {"fields": {"last_message": 12, "date_created": "2015-03-11T16:21:37.088", "number": 11, "slug": "un-topic-super-trop-important", "title": "Un topic super trop important"}, "model": "board.thread", "pk": 2}, {"fields": {"post": 1, "thread": 1}, "model": "board.blogboardlink", "pk": 1}, {"fields": {"codename": "add_permission", "name": "Can add permission", "content_type": 1}, "model": "auth.permission", "pk": 1}, {"fields": {"codename": "change_permission", "name": "Can change permission", "content_type": 1}, "model": "auth.permission", "pk": 2}, {"fields": {"codename": "delete_permission", "name": "Can delete permission", "content_type": 1}, "model": "auth.permission", "pk": 3}, {"fields": {"codename": "add_group", "name": "Can add group", "content_type": 2}, "model": "auth.permission", "pk": 4}, {"fields": {"codename": "change_group", "name": "Can change group", "content_type": 2}, "model": "auth.permission", "pk": 5}, {"fields": {"codename": "delete_group", "name": "Can delete group", "content_type": 2}, "model": "auth.permission", "pk": 6}, {"fields": {"codename": "add_user", "name": "Can add user", "content_type": 3}, "model": "auth.permission", "pk": 7}, {"fields": {"codename": "change_user", "name": "Can change user", "content_type": 3}, "model": "auth.permission", "pk": 8}, {"fields": {"codename": "delete_user", "name": "Can delete user", "content_type": 3}, "model": "auth.permission", "pk": 9}, {"fields": {"codename": "add_contenttype", "name": "Can add content type", "content_type": 4}, "model": "auth.permission", "pk": 10}, {"fields": {"codename": "change_contenttype", "name": "Can change content type", "content_type": 4}, "model": "auth.permission", "pk": 11}, {"fields": {"codename": "delete_contenttype", "name": "Can delete content type", "content_type": 4}, "model": "auth.permission", "pk": 12}, {"fields": {"codename": "add_session", "name": "Can add session", "content_type": 5}, "model": "auth.permission", "pk": 13}, {"fields": {"codename": "change_session", "name": "Can change session", "content_type": 5}, "model": "auth.permission", "pk": 14}, {"fields": {"codename": "delete_session", "name": "Can delete session", "content_type": 5}, "model": "auth.permission", "pk": 15}, {"fields": {"codename": "add_site", "name": "Can add site", "content_type": 6}, "model": "auth.permission", "pk": 16}, {"fields": {"codename": "change_site", "name": "Can change site", "content_type": 6}, "model": "auth.permission", "pk": 17}, {"fields": {"codename": "delete_site", "name": "Can delete site", "content_type": 6}, "model": "auth.permission", "pk": 18}, {"fields": {"codename": "add_logentry", "name": "Can add log entry", "content_type": 7}, "model": "auth.permission", "pk": 19}, {"fields": {"codename": "change_logentry", "name": "Can change log entry", "content_type": 7}, "model": "auth.permission", "pk": 20}, {"fields": {"codename": "delete_logentry", "name": "Can delete log entry", "content_type": 7}, "model": "auth.permission", "pk": 21}, {"fields": {"codename": "add_flatpage", "name": "Can add flat page", "content_type": 8}, "model": "auth.permission", "pk": 22}, {"fields": {"codename": "change_flatpage", "name": "Can change flat page", "content_type": 8}, "model": "auth.permission", "pk": 23}, {"fields": {"codename": "delete_flatpage", "name": "Can delete flat page", "content_type": 8}, "model": "auth.permission", "pk": 24}, {"fields": {"codename": "add_activeuser", "name": "Can add Utilisateur actif", "content_type": 3}, "model": "auth.permission", "pk": 25}, {"fields": {"codename": "change_activeuser", "name": "Can change Utilisateur actif", "content_type": 3}, "model": "auth.permission", "pk": 26}, {"fields": {"codename": "delete_activeuser", "name": "Can delete Utilisateur actif", "content_type": 3}, "model": "auth.permission", "pk": 27}, {"fields": {"codename": "add_activationkey", "name": "Can add Cl\u00e9 d'activation", "content_type": 9}, "model": "auth.permission", "pk": 28}, {"fields": {"codename": "change_activationkey", "name": "Can change Cl\u00e9 d'activation", "content_type": 9}, "model": "auth.permission", "pk": 29}, {"fields": {"codename": "delete_activationkey", "name": "Can delete Cl\u00e9 d'activation", "content_type": 9}, "model": "auth.permission", "pk": 30}, {"fields": {"codename": "add_profile", "name": "Can add profile", "content_type": 10}, "model": "auth.permission", "pk": 31}, {"fields": {"codename": "change_profile", "name": "Can change profile", "content_type": 10}, "model": "auth.permission", "pk": 32}, {"fields": {"codename": "delete_profile", "name": "Can delete profile", "content_type": 10}, "model": "auth.permission", "pk": 33}, {"fields": {"codename": "can_see_details", "name": "Peut voir les d\u00e9tails des profils", "content_type": 10}, "model": "auth.permission", "pk": 34}, {"fields": {"codename": "add_slogan", "name": "Can add slogan", "content_type": 12}, "model": "auth.permission", "pk": 35}, {"fields": {"codename": "change_slogan", "name": "Can change slogan", "content_type": 12}, "model": "auth.permission", "pk": 36}, {"fields": {"codename": "delete_slogan", "name": "Can delete slogan", "content_type": 12}, "model": "auth.permission", "pk": 37}, {"fields": {"codename": "can_set_visible", "name": "Peut rendre visible", "content_type": 12}, "model": "auth.permission", "pk": 38}, {"fields": {"codename": "add_message", "name": "Can add message", "content_type": 13}, "model": "auth.permission", "pk": 39}, {"fields": {"codename": "change_message", "name": "Can change message", "content_type": 13}, "model": "auth.permission", "pk": 40}, {"fields": {"codename": "delete_message", "name": "Can delete message", "content_type": 13}, "model": "auth.permission", "pk": 41}, {"fields": {"codename": "add_blogpost", "name": "Can add Billet", "content_type": 14}, "model": "auth.permission", "pk": 42}, {"fields": {"codename": "change_blogpost", "name": "Can change Billet", "content_type": 14}, "model": "auth.permission", "pk": 43}, {"fields": {"codename": "delete_blogpost", "name": "Can delete Billet", "content_type": 14}, "model": "auth.permission", "pk": 44}, {"fields": {"codename": "can_approve", "name": "Peut valider", "content_type": 14}, "model": "auth.permission", "pk": 45}, {"fields": {"codename": "add_thread", "name": "Can add Conversation", "content_type": 15}, "model": "auth.permission", "pk": 46}, {"fields": {"codename": "change_thread", "name": "Can change Conversation", "content_type": 15}, "model": "auth.permission", "pk": 47}, {"fields": {"codename": "delete_thread", "name": "Can delete Conversation", "content_type": 15}, "model": "auth.permission", "pk": 48}, {"fields": {"codename": "add_message", "name": "Can add Message", "content_type": 16}, "model": "auth.permission", "pk": 49}, {"fields": {"codename": "change_message", "name": "Can change Message", "content_type": 16}, "model": "auth.permission", "pk": 50}, {"fields": {"codename": "delete_message", "name": "Can delete Message", "content_type": 16}, "model": "auth.permission", "pk": 51}, {"fields": {"codename": "add_messagebox", "name": "Can add Bo\u00eete de r\u00e9ception", "content_type": 17}, "model": "auth.permission", "pk": 52}, {"fields": {"codename": "change_messagebox", "name": "Can change Bo\u00eete de r\u00e9ception", "content_type": 17}, "model": "auth.permission", "pk": 53}, {"fields": {"codename": "delete_messagebox", "name": "Can delete Bo\u00eete de r\u00e9ception", "content_type": 17}, "model": "auth.permission", "pk": 54}, {"fields": {"codename": "add_thread", "name": "Can add Discussion", "content_type": 18}, "model": "auth.permission", "pk": 55}, {"fields": {"codename": "change_thread", "name": "Can change Discussion", "content_type": 18}, "model": "auth.permission", "pk": 56}, {"fields": {"codename": "delete_thread", "name": "Can delete Discussion", "content_type": 18}, "model": "auth.permission", "pk": 57}, {"fields": {"codename": "add_message", "name": "Can add Message", "content_type": 19}, "model": "auth.permission", "pk": 58}, {"fields": {"codename": "change_message", "name": "Can change Message", "content_type": 19}, "model": "auth.permission", "pk": 59}, {"fields": {"codename": "delete_message", "name": "Can delete Message", "content_type": 19}, "model": "auth.permission", "pk": 60}, {"fields": {"codename": "can_moderate", "name": "Peut mod\u00e9rer", "content_type": 19}, "model": "auth.permission", "pk": 61}, {"fields": {"codename": "can_destroy", "name": "Peut d\u00e9truire", "content_type": 19}, "model": "auth.permission", "pk": 62}, {"fields": {"codename": "add_messagehistory", "name": "Can add \u00c9dition de message", "content_type": 20}, "model": "auth.permission", "pk": 63}, {"fields": {"codename": "change_messagehistory", "name": "Can change \u00c9dition de message", "content_type": 20}, "model": "auth.permission", "pk": 64}, {"fields": {"codename": "delete_messagehistory", "name": "Can delete \u00c9dition de message", "content_type": 20}, "model": "auth.permission", "pk": 65}, {"fields": {"codename": "add_flag", "name": "Can add Suivi", "content_type": 21}, "model": "auth.permission", "pk": 66}, {"fields": {"codename": "change_flag", "name": "Can change Suivi", "content_type": 21}, "model": "auth.permission", "pk": 67}, {"fields": {"codename": "delete_flag", "name": "Can delete Suivi", "content_type": 21}, "model": "auth.permission", "pk": 68}, {"fields": {"codename": "add_blogboardlink", "name": "Can add blog board link", "content_type": 22}, "model": "auth.permission", "pk": 69}, {"fields": {"codename": "change_blogboardlink", "name": "Can change blog board link", "content_type": 22}, "model": "auth.permission", "pk": 70}, {"fields": {"codename": "delete_blogboardlink", "name": "Can delete blog board link", "content_type": 22}, "model": "auth.permission", "pk": 71}, {"fields": {"codename": "add_notification", "name": "Can add notification", "content_type": 23}, "model": "auth.permission", "pk": 72}, {"fields": {"codename": "change_notification", "name": "Can change notification", "content_type": 23}, "model": "auth.permission", "pk": 73}, {"fields": {"codename": "delete_notification", "name": "Can delete notification", "content_type": 23}, "model": "auth.permission", "pk": 74}, {"fields": {"username": "admin", "first_name": "", "last_name": "", "is_active": true, "is_superuser": true, "is_staff": true, "last_login": "2015-03-11T20:27:34.001", "groups": [], "user_permissions": [], "password": "pbkdf2_sha256$15000$VDrH5ROiWkoJ$bzKnBbKxBFVYKctl5Y9OJxwrOE3KOD6BpP5d6amUX9k=", "email": "", "date_joined": "2015-03-11T15:37:33"}, "model": "auth.user", "pk": 1}, {"fields": {"username": "user1", "first_name": "", "last_name": "", "is_active": true, "is_superuser": false, "is_staff": false, "last_login": "2015-03-11T17:46:59.532", "groups": [], "user_permissions": [], "password": "pbkdf2_sha256$15000$QWQyBemWomg6$vJxsvj5l4xBNCp4FEQfkutXELpYVdlcGc1E9dUiB8Fs=", "email": "", "date_joined": "2015-03-11T17:46:26.107"}, "model": "auth.user", "pk": 2}, {"fields": {"action_flag": 1, "action_time": "2015-03-11T15:41:43.045", "object_repr": "   Lexpage : chaudement recommand\u00e9 par Lexpage.   ", "object_id": "1", "change_message": "", "user": 1, "content_type": 12}, "model": "admin.logentry", "pk": 1}, {"fields": {"action_flag": 1, "action_time": "2015-03-11T15:42:55.884", "object_repr": "   On se l\u00e8ve tous pour Lexpage, Lexpage   ", "object_id": "2", "change_message": "", "user": 1, "content_type": 12}, "model": "admin.logentry", "pk": 2}, {"fields": {"action_flag": 1, "action_time": "2015-03-11T15:43:08.614", "object_repr": "   Lexpage.NET, mieux que Windows.NET ...   ", "object_id": "3", "change_message": "", "user": 1, "content_type": 12}, "model": "admin.logentry", "pk": 3}, {"fields": {"action_flag": 1, "action_time": "2015-03-11T16:05:43.985", "object_repr": "   Lexpage, existe aussi en bleu !   ", "object_id": "4", "change_message": "", "user": 1, "content_type": 12}, "model": "admin.logentry", "pk": 4}, {"fields": {"action_flag": 2, "action_time": "2015-03-11T16:07:39.652", "object_repr": "   Lexpage, existe aussi en bleu !   ", "object_id": "4", "change_message": "Modifi\u00e9 is_visible.", "user": 1, "content_type": 12}, "model": "admin.logentry", "pk": 5}, {"fields": {"action_flag": 2, "action_time": "2015-03-11T16:07:39.673", "object_repr": "   Lexpage.NET, mieux que Windows.NET ...   ", "object_id": "3", "change_message": "Modifi\u00e9 is_visible.", "user": 1, "content_type": 12}, "model": "admin.logentry", "pk": 6}, {"fields": {"action_flag": 2, "action_time": "2015-03-11T16:07:39.676", "object_repr": "   On se l\u00e8ve tous pour Lexpage, Lexpage   ", "object_id": "2", "change_message": "Modifi\u00e9 is_visible.", "user": 1, "content_type": 12}, "model": "admin.logentry", "pk": 7}, {"fields": {"action_flag": 2, "action_time": "2015-03-11T16:07:39.681", "object_repr": "   Lexpage : chaudement recommand\u00e9 par Lexpage.   ", "object_id": "1", "change_message": "Modifi\u00e9 is_visible.", "user": 1, "content_type": 12}, "model": "admin.logentry", "pk": 8}, {"fields": {"action_flag": 2, "action_time": "2015-03-11T16:50:07.092", "object_repr": "admin", "object_id": "1", "change_message": "Modifi\u00e9 email. last_visit modifi\u00e9 pour profile \u00ab\u00a0Profile object\u00a0\u00bb.", "user": 1, "content_type": 3}, "model": "admin.logentry", "pk": 9}, {"fields": {"action_flag": 1, "action_time": "2015-03-11T17:46:26.267", "object_repr": "user1", "object_id": "2", "change_message": "", "user": 1, "content_type": 3}, "model": "admin.logentry", "pk": 10}, {"fields": {"action_flag": 2, "action_time": "2015-03-11T17:53:11.302", "object_repr": "Un topic super trop important", "object_id": "2", "change_message": "Modifi\u00e9 title.", "user": 1, "content_type": 18}, "model": "admin.logentry", "pk": 11}, {"fields": {"action_flag": 1, "action_time": "2015-03-11T20:30:12.753", "object_repr": "/edito/ -- Version de d\u00e9veloppement du Lexpage", "object_id": "1", "change_message": "", "user": 1, "content_type": 8}, "model": "admin.logentry", "pk": 12}, {"fields": {"action_flag": 1, "action_time": "2015-03-11T20:31:21.119", "object_repr": "/about/ -- Rien ici, en dev.", "object_id": "2", "change_message": "", "user": 1, "content_type": 8}, "model": "admin.logentry", "pk": 13}, {"fields": {"action_flag": 1, "action_time": "2015-03-11T20:32:14.355", "object_repr": "/bbcode/ -- Rien ici, en dev.", "object_id": "3", "change_message": "", "user": 1, "content_type": 8}, "model": "admin.logentry", "pk": 14}, {"fields": {"action_flag": 1, "action_time": "2015-03-11T20:32:30.253", "object_repr": "/markdown/ -- Rien ici, en dev.", "object_id": "4", "change_message": "", "user": 1, "content_type": 8}, "model": "admin.logentry", "pk": 15}, {"fields": {"city": "", "last_visit": "2015-03-11T20:33:55.370", "gender": "", "birthdate": null, "website_name": "", "user": 1, "country": null, "website_url": "", "avatar": ""}, "model": "profile.profile", "pk": 1}, {"fields": {"city": "", "last_visit": "2015-03-11T17:47:42.323", "gender": "", "birthdate": null, "website_name": "", "user": 2, "country": null, "website_url": "", "avatar": ""}, "model": "profile.profile", "pk": 2}, {"fields": {"date": "2015-03-11T16:18:03.003", "text": "un msg", "user": 1}, "model": "minichat.message", "pk": 1}, {"fields": {"date": "2015-03-11T16:18:08.122", "text": "un autre msg", "user": 1}, "model": "minichat.message", "pk": 2}, {"fields": {"date": "2015-03-11T16:19:10.385", "text": "nan mais vous comprenez pas, c'est trop important le faux texte bande de cr\u00e9tins !", "user": 1}, "model": "minichat.message", "pk": 3}, {"fields": {"date": "2015-03-11T16:20:02.432", "text": "lol http://xkcd.com", "user": 1}, "model": "minichat.message", "pk": 4}, {"fields": {"status": 4, "date_modified": "2015-03-11T16:09:33.619", "author": 1, "text": "", "abstract": "[Vous ne devinerez](http://nowhere) jamais ce que cette femme a fait", "tags": "vid\u00e9o motcl\u00e9", "priority": 5, "date_published": "2015-03-11T16:09:33.615", "approved_by": 1, "date_created": "2015-03-11T16:09:33.616", "title": "hop", "slug": "hop", "date_approved": "2015-03-11T16:09:33.615"}, "model": "blog.blogpost", "pk": 1}, {"fields": {"status": 4, "date_modified": "2015-03-11T16:11:30.633", "author": 1, "text": "", "abstract": "[Les 15 chats les plus mignons de mon site plein de pub](http://#)", "tags": "jeu toto tata tutu turlututu", "priority": 5, "date_published": "2015-03-11T16:11:30.630", "approved_by": 1, "date_created": "2015-03-11T16:11:30.631", "title": "Choupinou", "slug": "choupinou", "date_approved": "2015-03-11T16:11:30.630"}, "model": "blog.blogpost", "pk": 2}, {"fields": {"status": 4, "date_modified": "2015-03-11T16:17:23.076", "author": 1, "text": "hop du texte qdditionnel", "abstract": "la m\u00e9saventure li\u00e9e [\u00e0 sa robe](htpp://clickbait)", "tags": "humour", "priority": 5, "date_published": "2015-03-11T16:17:23.075", "approved_by": 1, "date_created": "2015-03-11T16:17:23.075", "title": "Vous ne devinerez jamais ", "slug": "vous-ne-devinerez-jamais", "date_approved": "2015-03-11T16:17:23.075"}, "model": "blog.blogpost", "pk": 3}, {"fields": {"date": "2015-03-11T20:33:03.190", "text": "Coucou user1 !", "thread": 1, "author": 1}, "model": "messaging.message", "pk": 1}, {"fields": {"status": 1, "date_read": "2015-03-11T20:33:04.990", "is_starred": false, "user": 1, "thread": 1}, "model": "messaging.messagebox", "pk": 1}, {"fields": {"status": 1, "date_read": "0001-01-01T00:00:00", "is_starred": false, "user": 2, "thread": 1}, "model": "messaging.messagebox", "pk": 2}, {"fields": {"date": "2015-03-11T16:20:56.820", "text": "Lorem ipsum dolor sit amet, consectetur adipisicing elit, sed do eiusmod\r\ntempor incididunt ut labore et dolore magna aliqua. Ut enim ad minim veniam,\r\nquis nostrud exercitation ullamco laboris nisi ut aliquip ex ea commodo\r\nconsequat. Duis aute irure dolor in reprehenderit in voluptate velit esse\r\ncillum dolore eu fugiat nulla pariatur. Excepteur sint occaecat cupidatat non\r\nproident, sunt in culpa qui officia deserunt mollit anim id est laborum.", "moderated": false, "thread": 1, "author": 1}, "model": "board.message", "pk": 1}, {"fields": {"date": "2015-03-11T16:21:37.091", "text": "Lorem ipsum dolor sit amet, consectetur adipisicing elit, sed do eiusmod\r\ntempor incididunt ut labore et dolore magna aliqua. Ut enim ad minim veniam,\r\nquis nostrud exercitation ullamco laboris nisi ut aliquip ex ea commodo\r\nconsequat. Duis aute irure dolor in reprehenderit in voluptate velit esse\r\ncillum dolore eu fugiat nulla pariatur. Excepteur sint occaecat cupidatat non\r\nproident, sunt in culpa qui officia deserunt mollit anim id est laborum.", "moderated": false, "thread": 2, "author": 1}, "model": "board.message", "pk": 2}, {"fields": {"date": "2015-03-11T16:22:34.953", "text": "[quote=admin]\r\nLorem ipsum dolor sit amet, consectetur adipisicing elit, sed do eiusmod\r\ntempor incididunt ut labore et dolore magna aliqua. Ut enim ad minim veniam,\r\n[/quote]\r\n\r\nLorem ipsum [b]dolor sit amet, consectetur adipisicing[/b] elit, sed do eiusmod\r\ntempor incididunt ut labore et dolore magna aliqua. Ut enim ad minim veniam,\r\nquis nostrud exercitation ullamco laboris nisi ut aliquip ex ea commodo\r\nconsequat. Duis aute irure dolor in reprehenderit in voluptate velit esse\r\ncillum dolore eu fugiat nulla pariatur. Excepteur sint occaecat cupidatat non\r\nproident, sunt in culpa qui officia deserunt mollit anim id est laborum.:kiss5: \r\n\r\nLorem ipsum dolor[spoiler] sit amet, consectetur adipisicing elit, sed do eiusmod\r\ntempor incididunt ut labore et dolore magna aliqua. Ut enim ad minim veniam,\r\nquis nostrud exercitation ullamco laboris nisi ut aliquip[/spoiler] ex ea commodo\r\nconsequat. Duis aute irure dolor in reprehenderit in voluptate velit esse\r\ncillum dolore eu fugiat nulla pariatur. Excepteur sint occaecat cupidatat non\r\nproident, sunt in culpa qui officia deserunt mollit anim id est laborum. :lol2: \r\n", "moderated": false, "thread": 2, "author": 1}, "model": "board.message", "pk": 3}, {"fields": {"date": "2015-03-11T16:23:08.716", "text": "[code]Lorem ipsum dolor sit amet, consectetur adipisicing elit, sed do eiusmod\r\ntempor incididunt ut labore et dolore magna aliqua. Ut enim ad minim veniam,\r\nquis nostrud exercitation ullamco laboris nisi ut aliquip ex ea commodo[/code]\r\n\r\n:yes4: \r\n\r\nconsequat. Duis aute irure dolor in reprehenderit in voluptate velit esse\r\ncillum dolore eu fugiat nulla pariatur. Excepteur sint occaecat cupidatat non\r\nproident, sunt in culpa qui officia deserunt mollit anim id est laborum.", "moderated": false, "thread": 2, "author": 1}, "model": "board.message", "pk": 4}, {"fields": {"date": "2015-03-11T17:47:41.790", "text": "Non ! (test court)", "moderated": false, "thread": 2, "author": 2}, "model": "board.message", "pk": 5}, {"fields": {"date": "2015-03-11T17:49:07.819", "text": "Un truc long\r\n\r\nLorem ipsum dolor sit amet, consectetur adipisicing elit, sed do eiusmod\r\ntempor incididunt ut labore et dolore magna aliqua. Ut enim ad minim veniam,\r\nquis nostrud exercitation ullamco laboris nisi ut aliquip ex ea commodo\r\nconsequat. Duis aute irure dolor in reprehenderit in voluptate velit esse\r\ncillum dolore eu fugiat nulla pariatur. Excepteur sint occaecat cupidatat non\r\nproident, sunt in culpa qui officia deserunt mollit anim id est laborum.\r\n\r\nLorem ipsum dolor sit amet, consectetur adipisicing elit, sed do eiusmod\r\ntempor incididunt ut labore et dolore magna aliqua. Ut enim ad minim veniam,\r\nquis nostrud exercitation ullamco laboris nisi ut aliquip ex ea commodo\r\nconsequat. Duis aute irure dolor in reprehenderit in voluptate velit esse\r\ncillum dolore eu fugiat nulla pariatur. Excepteur sint occaecat cupidatat non\r\nproident, sunt in culpa qui officia deserunt mollit anim id est laborum.\r\n\r\nLorem ipsum dolor sit amet, consectetur adipisicing elit, sed do eiusmod\r\ntempor incididunt ut labore et dolore magna aliqua. Ut enim ad minim veniam,\r\nquis nostrud exercitation ullamco laboris nisi ut aliquip ex ea commodo\r\nconsequat. Duis aute irure dolor in reprehenderit in voluptate velit esse\r\ncillum dolore eu fugiat nulla pariatur. Excepteur sint occaecat cupidatat non\r\nproident, sunt in culpa qui officia deserunt mollit anim id est laborum.\r\n\r\nLorem ipsum dolor sit amet, consectetur adipisicing elit, sed do eiusmod\r\ntempor incididunt ut labore et dolore magna aliqua. Ut enim ad minim veniam,\r\nquis nostrud exercitation ullamco laboris nisi ut aliquip ex ea commodo\r\nconsequat. Duis aute irure dolor in reprehenderit in voluptate velit esse\r\ncillum dolore eu fugiat nulla pariatur. Excepteur sint occaecat cupidatat non\r\nproident, sunt in culpa qui officia deserunt mollit anim id est laborum.", "moderated": false, "thread": 2, "author": 1}, "model": "board.message", "pk": 6}, {"fields": {"date": "2015-03-11T17:51:33.439", "text": "Un embed yt : \r\n\r\n[embed]https://www.youtube.com/watch?v=oHg5SJYRHA0[/embed]", "moderated": false, "thread": 2, "author": 1}, "model": "board.message", "pk": 7}, {"fields": {"date": "2015-03-11T17:52:00.606", "text": "Lorem ipsum dolor sit amet, consectetur adipisicing elit, sed do eiusmod\r\ntempor incididunt ut labore et dolore magna aliqua. Ut enim ad minim veniam,\r\nquis nostrud exercitation ullamco laboris nisi ut aliquip ex ea commodo\r\nconsequat. Duis aute irure dolor in reprehenderit in voluptate velit esse\r\ncillum dolore eu fugiat nulla pariatur. Excepteur sint occaecat cupidatat non\r\nproident, sunt in culpa qui officia deserunt mollit anim id est laborum.", "moderated": false, "thread": 2, "author": 1}, "model": "board.message", "pk": 8}, {"fields": {"date": "2015-03-11T17:52:12.489", "text": "Lorem ipsum dolor sit amet, consectetur adipisicing elit, sed do eiusmod\r\ntempor incididunt ut labore et dolore magna aliqua. Ut enim ad minim veniam,\r\nquis nostrud exercitation ullamco laboris nisi ut aliquip ex ea commodo\r\nconsequat. Duis aute irure dolor in reprehenderit in voluptate velit esse\r\ncillum dolore eu fugiat nulla pariatur. Excepteur sint occaecat cupidatat non\r\nproident, sunt in culpa qui officia deserunt mollit anim id est laborum.", "moderated": false, "thread": 2, "author": 1}, "model": "board.message", "pk": 9}, {"fields": {"date": "2015-03-11T17:52:21.806", "text": "Lorem ipsum dolor sit amet, consectetur adipisicing elit, sed do eiusmod\r\ntempor incididunt ut labore et dolore magna aliqua. Ut enim ad minim veniam,\r\nquis nostrud exercitation ullamco laboris nisi ut aliquip ex ea commodo\r\nconsequat. Duis aute irure dolor in reprehenderit in voluptate velit esse\r\ncillum dolore eu fugiat nulla pariatur. Excepteur sint occaecat cupidatat non\r\nproident, sunt in culpa qui officia deserunt mollit anim id est laborum.", "moderated": false, "thread": 2, "author": 1}, "model": "board.message", "pk": 10}, {"fields": {"date": "2015-03-11T17:52:26.452", "text": "Lorem ipsum dolor sit amet, consectetur adipisicing elit, sed do eiusmod\r\ntempor incididunt ut labore et dolore magna aliqua. Ut enim ad minim veniam,\r\nquis nostrud exercitation ullamco laboris nisi ut aliquip ex ea commodo\r\nconsequat. Duis aute irure dolor in reprehenderit in voluptate velit esse\r\ncillum dolore eu fugiat nulla pariatur. Excepteur sint occaecat cupidatat non\r\nproident, sunt in culpa qui officia deserunt mollit anim id est laborum.", "moderated": false, "thread": 2, "author": 1}, "model": "board.message", "pk": 11}, {"fields": {"date": "2015-03-11T17:52:35.825", "text": "Lorem ipsum dolor sit amet, consectetur adipisicing elit, sed do eiusmod\r\ntempor incididunt ut labore et dolore magna aliqua. Ut enim ad minim veniam,\r\nquis nostrud exercitation ullamco laboris nisi ut aliquip ex ea commodo\r\nconsequat. Duis aute irure dolor in reprehenderit in voluptate velit esse\r\ncillum dolore eu fugiat nulla pariatur. Excepteur sint occaecat cupidatat non\r\nproident, sunt in culpa qui officia deserunt mollit anim id est laborum.", "moderated": false, "thread": 2, "author": 1}, "model": "board.message", "pk": 12}, {"fields": {"message": 1, "user": 1, "thread": 1}, "model": "board.flag", "pk": 1}, {"fields": {"message": 12, "user": 1, "thread": 2}, "model": "board.flag", "pk": 2}, {"fields": {"message": 5, "user": 2, "thread": 2}, "model": "board.flag", "pk": 3}, {"fields": {"description": "admin a entam\u00e9 une nouvelle conversation avec vous : <em>Test de conversation</em>.", "title": "Nouvelle conversation", "app": "messaging", "date": "2015-03-11T20:33:04.484", "key": "thread-1", "action": "/messaging/1/", "recipient": 2}, "model": "notifications.notification", "pk": 1}]